parameter,mean,std,ess_bulk,rhat,rhat_warn,ess_warn
"parameters[1, 1]",1.3475130180159116,0.6703534705282133,2851.106858035249,1.0009930163648788,false,false
"parameters[2, 1]",1.8253159741036862,0.5357127329551556,3285.5789798717183,1.0000762995884531,false,false
"parameters[3, 1]",-5.104476101223825,1.0595614277440755,4846.070320041531,1.000128290616437,false,false
"parameters[1, 2]",1.3843499379619928,0.6406325530492482,3387.780290777793,1.0010996525829994,false,false
"parameters[2, 2]",1.6096866899092257,0.44814685004868476,3714.352063139052,0.9999894725106241,false,false
"parameters[3, 2]",-4.966802920263837,1.0658357944220296,4042.1410855150352,1.000778252726324,false,false
"parameters[1, 3]",0.6862584539516473,0.45857893472751815,2512.7601483219637,1.0015843019731903,false,false
"parameters[2, 3]",1.4412287229886278,0.46245026057533495,2430.94578530641,1.0007031197518599,false,false
"parameters[3, 3]",-5.223554678400735,0.9715059929990998,3254.2303549130247,1.0002525164125438,false,false
"parameters[1, 4]",1.1369338079380962,0.5782831545687618,3259.612031577043,1.0009502565014445,false,false
"parameters[2, 4]",1.3609699098931995,0.3508421784745593,3312.7277434731686,1.0013853616056763,false,false
"parameters[3, 4]",-4.461641348753065,1.1262820713361759,3181.4668985022367,1.0006425673199069,false,false
"parameters[1, 5]",0.1254670352468689,0.13498091198150125,3236.0737844210767,1.0012251872953202,false,false
"parameters[2, 5]",0.7031192622532697,0.17631198316917798,4024.095443522542,1.0000073399827019,false,false
"parameters[3, 5]",-5.158571301502378,1.0081127650069515,4144.504989588368,1.00237906285515,false,false
"parameters[1, 6]",0.6932859219925659,0.2651916953442157,2095.8562969063773,1.0021756809356202,false,false
"parameters[2, 6]",0.5624127792830468,0.1870257136259753,2048.637119769451,1.0012240047212726,false,false
"parameters[3, 6]",-5.965415400634745,1.0895136380018644,2964.038828041992,1.0011779633108524,false,false
"parameters[1, 7]",1.9148051712299716,0.27012340856710015,3525.024942107945,1.000342793204076,false,false
"parameters[2, 7]",0.3440630026619716,0.08980587355057659,4707.777657987628,1.0005183086408729,false,false
"parameters[3, 7]",-6.084477803664713,0.8025892250129104,4283.569506277844,1.001978384033694,false,false
"parameters[1, 8]",0.7194604150456791,0.2335767466892316,3306.2407274578177,0.9999370324839785,false,false
"parameters[2, 8]",0.5361591882609079,0.11825112925103269,3121.4165348128067,1.0020580775417685,false,false
"parameters[3, 8]",-5.814218579883118,0.8566167145123762,4575.2494360929095,1.0010881596296113,false,false
"parameters[1, 9]",2.7456881090975895,0.5920552046826729,5047.312262923242,0.9999662067403643,false,false
"parameters[2, 9]",0.3537334799482099,0.09128868829955372,3842.115054805209,1.0007558410428588,false,false
"parameters[3, 9]",-4.33094796391932,0.9616006607056433,3895.8436401548934,1.00059674907659,false,false
"parameters[1, 10]",1.5227248907925441,0.5685451328601636,3384.1454399074614,1.0005521618419426,false,false
"parameters[2, 10]",0.8675648422450791,0.19483640803324365,4341.792428735058,1.0007198826686023,false,false
"parameters[3, 10]",-4.108810752244832,0.8307081234340817,4226.813529545755,0.9999176594296173,false,false
"parameters[1, 11]",0.4317316039068479,0.35760000471402886,2183.6857522513556,1.0028871592537185,false,false
"parameters[2, 11]",0.9833279513591887,0.2779657363911774,2376.613948036176,1.003758935578285,false,false
"parameters[3, 11]",-5.131698335821768,1.043478927767696,3300.8494364737853,1.0023244940571074,false,false
"parameters[1, 12]",0.7371273644198173,0.16377626553238606,4858.218227225981,0.9997588820770145,false,false
"parameters[2, 12]",0.22293813770142595,0.0478997489692836,5079.517437361498,1.0002888552071454,false,false
"parameters[3, 12]",-6.933834716962031,0.6819447578611174,4706.27043708902,1.002050535276519,false,false
"parameters[1, 13]",1.6559247752567468,0.6768661567377221,2648.0077072448926,1.0011639901749796,false,false
"parameters[2, 13]",1.5763772843886539,0.5558447115360643,3300.4647973160368,0.9997234448521409,false,false
"parameters[3, 13]",-5.088106453695116,0.9160962099437183,4502.71860079936,1.0011562991198266,false,false
"parameters[1, 14]",1.0514479020886263,0.46238353964019663,1758.8910549180432,1.003005422953592,false,false
"parameters[2, 14]",0.9372724089004828,0.3274446291234877,1739.6259055454766,1.0027797523274324,false,false
"parameters[3, 14]",-5.882118217517292,0.9605855946075232,4176.99278367876,1.0002966147163161,false,false
"parameters[1, 15]",2.1223719812670336,0.675509086650009,3855.0046552131626,1.0004990175880593,false,false
"parameters[2, 15]",1.0730190506137398,0.34944211270838393,3897.0249807351083,0.999611722058775,false,false
"parameters[3, 15]",-3.4866439161856646,0.8595109150327603,4567.940964664028,1.0025020262191413,false,false
"parameters[1, 16]",1.4718512388871228,0.23933232772293572,3731.703113153946,1.001826638241992,false,false
"parameters[2, 16]",0.3847907184604766,0.0879129618895502,3864.6322592622464,1.000423017118228,false,false
"parameters[3, 16]",-5.618536048071564,0.8108491306202967,4042.606403254462,1.001751837949131,false,false
"parameters[1, 17]",0.24415074983225013,0.2357773840761356,2831.65787608506,1.0003637508629035,false,false
"parameters[2, 17]",0.8331561173744639,0.2648472401316065,3212.674266902605,1.0027194299603654,false,false
"parameters[3, 17]",-5.121226156674751,1.0188939120602911,4650.245344941164,1.0007578691987817,false,false
"parameters[1, 18]",1.651491667022242,0.18941421249998516,2839.272054155791,1.0025909714612928,false,false
"parameters[2, 18]",0.26702078563839304,0.07987017681122696,3082.270210879425,1.000178759601723,false,false
"parameters[3, 18]",-6.187109275868536,0.7755747929825568,3449.787152077497,1.0012080542837585,false,false
"parameters[1, 19]",0.648961739300676,0.4762509107586701,2094.6695880831066,1.0015573061989884,false,false
"parameters[2, 19]",1.1269135034449307,0.4409838835469563,2223.3898141209306,1.0010595971534335,false,false
"parameters[3, 19]",-5.233129250007844,0.9799586043199077,4610.2434898254905,1.0022202220349066,false,false
"parameters[1, 20]",1.5333785122638353,0.28038086959012637,4256.702523593634,1.0032073130303278,false,false
"parameters[2, 20]",0.456959206488186,0.1029678767173099,3636.860940085437,1.0011781590854643,false,false
"parameters[3, 20]",-6.310180554793533,0.8178343322917069,3924.4780882293,1.0009763024077438,false,false
"parameters[1, 21]",1.847532488861705,0.6834285144530884,2438.634600162141,1.0008850583110187,false,false
"parameters[2, 21]",1.4819230622664858,0.5926119321314378,3216.4532118726916,1.0003787424543078,false,false
"parameters[3, 21]",-5.004881733087007,0.996130239984658,4870.344439080859,1.002628331143961,false,false
"parameters[1, 22]",1.6959780215987599,0.6449331379548646,4119.665278398853,1.0010526427702984,false,false
"parameters[2, 22]",1.7285187495646555,0.456615439877321,3743.821239040425,1.0002525521875474,false,false
"parameters[3, 22]",-4.578475078760701,1.1335379790173206,4466.857313756546,1.002120175527671,false,false
"parameters[1, 23]",1.1660156634058536,0.5818494999900983,2410.7454599235257,1.0002812983779057,false,false
"parameters[2, 23]",0.9642394417417859,0.4211378656376265,2389.4143861310063,1.0019628168570922,false,false
"parameters[3, 23]",-5.675822424312263,0.9486061826972456,3497.186382068139,1.0014645813915353,false,false
"parameters[1, 24]",0.914730076907106,0.3101517033597261,1095.1105862275476,1.0019986497178115,false,false
"parameters[2, 24]",0.5173612359586964,0.2306851694430581,1019.538245025054,1.0021871521964907,false,false
"parameters[3, 24]",-6.48167803708381,0.8782905698143196,2091.3873241390443,1.0020399754282037,false,false
"parameters[1, 25]",0.4440257517524708,0.3637172213377478,2677.18064597981,1.000326691695068,false,false
"parameters[2, 25]",0.9289172133646798,0.28215801171626503,2396.880689140855,1.0005259490735545,false,false
"parameters[3, 25]",-4.322716737834557,1.2484833115910836,2327.291209592772,1.0000263933067397,false,false
"parameters[1, 26]",3.123534654428411,0.5430449924324136,4295.338152162314,1.002059087080652,false,false
"parameters[2, 26]",0.37582567682958473,0.06844815964477859,3640.5663135222007,1.0010517337416542,false,false
"parameters[3, 26]",-4.723015018845521,0.9728037178556999,4656.922048764488,0.9996180517214592,false,false
"parameters[1, 27]",1.7842990628968882,0.26903148459803694,4739.274167230963,1.001236516067824,false,false
"parameters[2, 27]",0.31904819589611405,0.08484049017656473,3512.5595466868735,1.0004388827585478,false,false
"parameters[3, 27]",-6.562897246220566,0.7502020937791427,3595.2128496638525,1.0004733590312185,false,false
"parameters[1, 28]",0.7597213509280835,0.40930776891148346,3042.5201160046367,1.001710846563491,false,false
"parameters[2, 28]",0.8270817997386161,0.2123348639074289,2854.6511472868765,1.0013637885554667,false,false
"parameters[3, 28]",-4.497118299788573,0.9306139894657655,4238.788737467068,1.0023542370928868,false,false
"parameters[1, 29]",0.9217785922288875,0.49492234721575956,2392.039171327269,1.0008244359822736,false,false
"parameters[2, 29]",0.8982532701610125,0.3180729976842273,2078.3597543500996,1.0001824654922848,false,false
"parameters[3, 29]",-5.4798920844103,0.9761150837866124,3605.5428360367277,1.00102148165249,false,false
"parameters[1, 30]",2.337821561745138,0.454159352513903,3904.1295064026717,1.0005550641907337,false,false
"parameters[2, 30]",0.5880745346452878,0.12900585189905328,4226.6479296386815,1.0028756524849194,false,false
"parameters[3, 30]",-5.643627192899556,0.8785025211598305,5552.951299158757,1.002946532372112,false,false
"parameters[1, 31]",1.6025669913098435,0.604977285712155,3746.9065468429985,1.0016197140327254,false,false
"parameters[2, 31]",0.5452712896498829,0.12569851255508724,3524.852835921327,1.001246110379261,false,false
"parameters[3, 31]",-5.365735881725922,0.9499789985410645,3966.2939146149733,1.0014317345453385,false,false
"parameters[1, 32]",0.5408377143612096,0.45976135009223373,1418.6422041541468,1.0016932732365067,false,false
"parameters[2, 32]",1.225123660252614,0.5026914519583582,1474.8662784332082,1.0018521081832608,false,false
"parameters[3, 32]",-4.767724264092582,1.0435291398691986,3188.869453871914,1.0015123311041656,false,false
"parameters[1, 33]",2.6742406257017746,0.41101587107883236,4285.488744644648,1.0008200957987248,false,false
"parameters[2, 33]",0.3338521436650061,0.09914837031948069,4281.535229508746,0.9998300202079381,false,false
"parameters[3, 33]",-5.2658361206828825,0.8981735968927094,3743.4271377764367,1.0009698629337909,false,false
"parameters[1, 34]",0.48984619141333785,0.37190303613553466,1912.1290447497274,0.9997835981840755,false,false
"parameters[2, 34]",1.0197135089768792,0.333075718846307,1868.8640225950685,0.9997895037101048,false,false
"parameters[3, 34]",-4.104022790266028,1.2494141890868609,2996.6744264898125,1.0006828224068927,false,false
"parameters[1, 35]",2.04130123462713,0.34804803891991865,3513.4123753568247,1.0012157956374448,false,false
"parameters[2, 35]",0.4355165973402779,0.12904201777374108,3512.346628646254,1.0012420399408055,false,false
"parameters[3, 35]",-5.9798841205489826,0.8409248015727654,4304.638694979506,1.0026615486627766,false,false
"parameters[1, 36]",0.7676505922970643,0.3996434161815732,3181.9106535716774,1.000120561810778,false,false
"parameters[2, 36]",0.8061631534436748,0.1836553288293639,2812.629199949602,1.0004912128725247,false,false
"parameters[3, 36]",-5.383906211927128,0.9435860494702698,3701.1924305395555,1.0023778819884075,false,false
"parameters[1, 37]",2.01307868992977,0.615531413712591,4290.001817067415,1.0010194062983782,false,false
"parameters[2, 37]",0.8141908359265395,0.18205537413362363,3686.9011508105996,1.0000516393922232,false,false
"parameters[3, 37]",-3.986742376253829,1.2414175499140503,3949.487522607433,0.9997271035548483,false,false
"parameters[1, 38]",2.052899001832038,0.4872764139356765,4043.1825641916525,1.0012518208813606,false,false
"parameters[2, 38]",0.7511785389460243,0.1943051966029041,4139.675710244438,1.0007206703945486,false,false
"parameters[3, 38]",-5.661882213159195,1.0148397624982457,4334.176559398673,1.0002131127970175,false,false
"parameters[1, 39]",1.665323604942258,0.3320157239856551,4195.691151388191,1.0002045749360613,false,false
"parameters[2, 39]",0.43132710049231204,0.0998901355041455,3978.0523120163157,1.0006505189692996,false,false
"parameters[3, 39]",-5.584636673186056,0.9142683222551108,4115.591278315371,1.0026888081068335,false,false
"parameters[1, 40]",1.4732687132885458,0.2966505665791472,3628.896440211128,1.0012631153223928,false,false
"parameters[2, 40]",0.4671148901928105,0.12193295733281875,3881.358849270291,1.0004249299976773,false,false
"parameters[3, 40]",-6.502533814238578,0.8549179546197357,3504.6212333353983,1.0008782527695534,false,false
"parameters[1, 41]",1.6505017489038192,0.35876416797723093,3698.1248760127014,1.0010329073557747,false,false
"parameters[2, 41]",0.4910857756208211,0.14287189201396594,4065.02009856502,1.0007756748140146,false,false
"parameters[3, 41]",-5.636264242571224,0.8984822327281075,4812.408618986041,1.0010157584529331,false,false
"parameters[1, 42]",1.8920665910101957,0.4119743416515198,3905.913499291301,1.0018524624586038,false,false
"parameters[2, 42]",0.5783095911113687,0.13100853806876983,4255.802732867353,1.0018734641300122,false,false
"parameters[3, 42]",-5.22680233008949,1.0509607402719738,3566.083170642021,1.0004394580735019,false,false
"parameters[1, 43]",2.261566142777319,0.4164498300136119,4063.3303738716327,1.0004565801747518,false,false
"parameters[2, 43]",0.4908448640880358,0.17265704594775436,3623.8781963212214,1.0001363722622256,false,false
"parameters[3, 43]",-6.184409987959832,0.8853289987894054,4233.8868080004395,1.0000082072266556,false,false
"parameters[1, 44]",0.48901188105185256,0.35014421740560514,1863.2085038498678,1.0006454588444573,false,false
"parameters[2, 44]",0.9267879327296483,0.3051468664448116,1957.3322212991088,1.0005002348763743,false,false
"parameters[3, 44]",-4.839834039090356,0.9329520956934921,4509.189438865139,1.0003480496185906,false,false
"parameters[1, 45]",1.4386591211095392,0.6626837519386397,2658.996564418858,0.9998742347424914,false,false
"parameters[2, 45]",1.502227022830505,0.4651975654021932,3244.2753213493716,1.0008783870373117,false,false
"parameters[3, 45]",-4.709231570077814,1.073143769844326,3835.3975704164277,1.0033651312019738,false,false
"parameters[1, 46]",1.1995037727587514,0.4740896912341185,3749.1833285295584,1.00113880262928,false,false
"parameters[2, 46]",0.7542204984185752,0.15737982846888704,3577.309313879334,1.0001434199820625,false,false
"parameters[3, 46]",-2.3023785258415974,0.9630650285286315,1891.2061118359707,1.0017005450402978,false,false
"parameters[1, 47]",1.0204751826878842,0.5032906411023986,2187.4872868025072,1.0008238418516526,false,false
"parameters[2, 47]",0.8209090805667735,0.326893003203204,2016.391065635284,1.0024673403152076,false,false
"parameters[3, 47]",-5.640843699239568,0.919649859409116,4226.3665068748405,1.00098504846344,false,false
"parameters[1, 48]",1.891248976557835,0.4585671931619411,5134.791860677672,0.9997757397067853,false,false
"parameters[2, 48]",0.7418583604835053,0.17466885646731142,4331.413689480096,1.0022856622398986,false,false
"parameters[3, 48]",-5.862712532051293,0.8659162870094427,4482.447828291322,1.0021173708981752,false,false
"parameters[1, 49]",1.3871904850948908,0.09614073102730068,2064.778300047219,1.001508787191574,false,false
"parameters[2, 49]",0.03747002820318209,0.02805627094835128,1528.23120002179,1.0005891898376391,false,false
"parameters[3, 49]",-7.66054880447679,0.6406406847162904,2805.4256917131,1.0000865423764018,false,false
"parameters[1, 50]",0.47278356501594054,0.22843629703399704,2285.8224119993583,1.001688125358442,false,false
"parameters[2, 50]",0.5945573950078131,0.16624782694768522,2322.871592887808,1.0028318865341532,false,false
"parameters[3, 50]",-5.091458800765619,1.0597599634366226,4272.741347295886,1.0016811086818267,false,false
"parameters[1, 51]",0.38826587605961993,0.33767337664753244,1938.9480905214727,1.000949267812996,false,false
"parameters[2, 51]",0.8023071759182006,0.3549553000177533,2134.5952414723847,1.0016728144637472,false,false
"parameters[3, 51]",-5.216689274274344,0.9791914971503899,4899.372333629907,1.0015353452879645,false,false
"parameters[1, 52]",0.7937712332939318,0.3050118808323429,3468.4411675693664,1.0020325315686196,false,false
"parameters[2, 52]",0.4834229943319207,0.1218013154243374,2670.144118554482,1.000446775062922,false,false
"parameters[3, 52]",-4.833299520634147,0.8042691839840715,4039.033631031727,1.0003296080121804,false,false
"parameters[1, 53]",1.7473413037753494,0.663933945645236,3582.1668232825486,1.0008539757269763,false,false
"parameters[2, 53]",1.4823798832625252,0.5647366731255132,3603.6462677035292,1.000469726844898,false,false
"parameters[3, 53]",-5.24832052499314,0.9568238158564409,4362.3912437173585,1.0002295852237009,false,false
"parameters[1, 54]",1.7037649072749197,0.6173857191340483,3851.762108357472,0.9999521906361012,false,false
"parameters[2, 54]",1.394656546860463,0.40103270460816887,3694.897994273024,1.0003119164335508,false,false
"parameters[3, 54]",-5.43772167131973,0.9660887378639376,3452.9255775347574,1.000306579990295,false,false
"parameters[1, 55]",2.7381307735909792,0.6835947246303312,3652.6227746209156,1.0006513018477565,false,false
"parameters[2, 55]",1.2353941603480585,0.5256204777930483,3099.995356205715,1.0005628053776472,false,false
"parameters[3, 55]",-5.415924242493978,0.8978362012321937,4871.885438221946,1.001786843239323,false,false
"parameters[1, 56]",1.7170738627131485,0.5425858973073442,4715.953882846027,1.0015039711139817,false,false
"parameters[2, 56]",0.9141536320880205,0.28039532362516506,4459.029602316238,0.9999520127970146,false,false
"parameters[3, 56]",-5.586371654671148,1.03405209078755,4143.585344001218,1.0011542093102237,false,false
"parameters[1, 57]",1.0497614386356195,0.3420217684033071,2800.8247023310473,1.0008185366235274,false,false
"parameters[2, 57]",0.4998981139398338,0.15101494144588357,2674.4867013620687,1.001142503605568,false,false
"parameters[3, 57]",-5.686368181948412,0.8890914152857017,3658.247684123103,1.0046652231111213,false,false
"parameters[1, 58]",1.1065576520456326,0.28433339024408333,2824.576331441932,0.9997856820245411,false,false
"parameters[2, 58]",0.526904795527717,0.13295229500376668,2333.862248230493,1.00003183483359,false,false
"parameters[3, 58]",-6.247496832219149,0.8204128481670225,3620.502039403224,1.00044741497059,false,false
"parameters[1, 59]",1.3419507790258196,0.6515107393429425,3266.2055633019063,1.0009709003025447,false,false
"parameters[2, 59]",1.3946334048170685,0.5194355403442679,3250.68751446625,1.0014022447621835,false,false
"parameters[3, 59]",-4.979422974674332,0.9768824346499286,4883.615509132669,1.0017111944660855,false,false
"parameters[1, 60]",1.579687296386321,0.5708412415551711,3732.314913289168,1.0007767109290377,false,false
"parameters[2, 60]",1.0759006303228518,0.2909660753018267,4071.375903161866,1.000593441453855,false,false
"parameters[3, 60]",-4.301377447663575,1.373400851561902,3411.8166722606807,1.0007358031560363,false,false
"parameters[1, 61]",2.6561693957236505,0.5723226810959279,4081.294611631054,1.0004905027687556,false,false
"parameters[2, 61]",0.8383684874382454,0.2995359341855198,4266.988549885329,1.0022477429524672,false,false
"parameters[3, 61]",-4.820135611363804,1.083981890672069,3490.0428753773194,1.0023553567982246,false,false
"parameters[1, 62]",2.198238728486191,0.551046977849686,4434.316897661539,1.0025229090334644,false,false
"parameters[2, 62]",0.8847782942791764,0.20846763232809148,4644.721123080813,1.0005775247288966,false,false
"parameters[3, 62]",-5.665586548066122,0.9459077592504407,4213.888933240826,1.001262018586667,false,false
"parameters[1, 63]",1.3036183757959379,0.6557068321884328,3468.060486589655,1.000786837352993,false,false
"parameters[2, 63]",1.7133311698048095,0.5631584258356704,3398.4412740912458,1.0007979086734367,false,false
"parameters[3, 63]",-5.423971395257917,0.9585931217932194,3536.628530908021,1.0004244433096663,false,false
"parameters[1, 64]",0.16538752969249226,0.17740045635632637,2211.302409362965,1.0005680809998934,false,false
"parameters[2, 64]",1.0358022493710992,0.3577859427640555,2321.3136568510095,1.0012900154669768,false,false
"parameters[3, 64]",-5.408206036514033,1.037940432085939,3834.360154025994,1.0018681755052838,false,false
"parameters[1, 65]",1.9034350157979456,0.3707622458530953,3430.39158775916,1.000510894100478,false,false
"parameters[2, 65]",0.4701226353965454,0.14289795388769597,3051.385409671824,0.999752605163427,false,false
"parameters[3, 65]",-6.148932441281116,0.8531850006792354,3413.9993727423457,1.001004397412959,false,false
"parameters[1, 66]",0.16349176835473175,0.16850833585536906,2056.9349151219494,1.0008486848298972,false,false
"parameters[2, 66]",1.0035148184270026,0.34405140269014683,2067.844185034457,1.0017075861371623,false,false
"parameters[3, 66]",-5.409122299504121,0.9983055386653993,2866.0361464515095,1.0009849467931806,false,false
"parameters[1, 67]",2.684830429453932,0.5751928729948766,4517.995393412413,1.0007288178358278,false,false
"parameters[2, 67]",0.822611231372209,0.26984233874840774,4320.872716902752,1.0020392442473416,false,false
"parameters[3, 67]",-5.489214353175028,1.030455147368246,4060.627765189104,1.0012812302475536,false,false
"parameters[1, 68]",1.0500240700471426,0.4467996658802854,3388.365971386625,1.0013233379279058,false,false
"parameters[2, 68]",0.6247291510916787,0.1417334458032331,3831.888856745349,1.0009395496988023,false,false
"parameters[3, 68]",-4.228822052590085,0.8273594068108518,3458.497706430491,1.0003004708873664,false,false
"parameters[1, 69]",2.5611158449178557,0.4657874080977546,3210.1899325823456,1.0008137507051196,false,false
"parameters[2, 69]",0.34343867895954233,0.07752926284719475,3000.5175120811373,0.999794911579249,false,false
"parameters[3, 69]",-5.270102009974658,0.9260370712916831,4784.888953938747,1.0024249286919669,false,false
"parameters[1, 70]",1.3286990929114224,0.6276347360484619,2223.9433006431177,1.0007271766891985,false,false
"parameters[2, 70]",1.2411930017881991,0.3245942763186861,2443.8508120034458,1.0016436140462075,false,false
"parameters[3, 70]",-2.8761003968919634,1.2619150196030418,2730.6152230124826,1.0005947509783812,false,false
"parameters[1, 71]",1.4300232087570774,0.5439774031743929,2327.6918929567323,1.0017219368202424,false,false
"parameters[2, 71]",0.5159124013451224,0.2145548857199524,2416.3468152149057,1.0005595619913046,false,false
"parameters[3, 71]",-5.392710512383776,0.9501910964788648,4104.71569898003,1.0055049459987921,false,false
"parameters[1, 72]",0.3527051370418069,0.20930465314773727,1955.7892127683242,1.0005405958569094,false,false
"parameters[2, 72]",0.4827905912583526,0.1395350280785335,2214.801975165058,1.0025469328422119,false,false
"parameters[3, 72]",-5.540137920351563,1.0377019279252566,3222.987299287096,1.0013226884393325,false,false
"parameters[1, 73]",1.3105805294878141,0.19449687818868916,3632.593411314736,1.0024780899633738,false,false
"parameters[2, 73]",0.16547974794059814,0.04096194204587914,3541.166853295074,1.000588839816019,false,false
"parameters[3, 73]",-6.766917562454564,0.7253470629400578,4584.737422858038,1.000719121671788,false,false
"parameters[1, 74]",0.18856689000239238,0.13555318750609105,2574.402784364698,1.0013599910749287,false,false
"parameters[2, 74]",0.7482939946130986,0.22034306775606863,2744.1206141833886,1.0004053092879919,false,false
"parameters[3, 74]",-5.4304839049104,0.9912203701637786,4542.648987823544,1.0013023688720317,false,false
"parameters[1, 75]",0.5700168586155312,0.3949436513621447,1975.960422850203,1.0012040427834026,false,false
"parameters[2, 75]",0.7475902861445787,0.28731445714858467,2148.8504083812304,1.001126780221627,false,false
"parameters[3, 75]",-5.080636167958288,0.9541244251613783,4508.44825083925,1.0006562352504005,false,false
"parameters[1, 76]",0.9709224146799279,0.15146971815329785,3840.077814722843,1.0000236013568615,false,false
"parameters[2, 76]",0.21850257214998767,0.05006976785534852,3334.567456185033,1.0015432275538052,false,false
"parameters[3, 76]",-6.997836860507338,0.6660282246478391,3556.290884206017,1.0004647528586277,false,false
"parameters[1, 77]",0.44732592022229234,0.3807917975135648,2832.203936917299,1.0008876318632005,false,false
"parameters[2, 77]",1.4318088552083554,0.45794779342835756,2971.6764212087983,1.0014104485113333,false,false
"parameters[3, 77]",-5.376116230752366,0.9674111433443833,4816.765104680348,1.0008593986230203,false,false
"parameters[1, 78]",2.40324564999521,0.5446257296398267,4499.355786743111,1.0036149099117067,false,false
"parameters[2, 78]",0.7872614470688881,0.17816639199405734,4634.471793905164,1.0008289553503458,false,false
"parameters[3, 78]",-5.188565985496589,0.8369922941751601,4589.104258030462,1.0009201481534997,false,false
"parameters[1, 79]",2.1288312746489257,0.6646045269716421,3354.22556685216,1.0015868925480034,false,false
"parameters[2, 79]",1.0646304145406176,0.2544756811782299,3855.7147201645107,1.0005836113285569,false,false
"parameters[3, 79]",-2.389304613500408,1.0468621967241085,1960.315418514872,1.0045235600520848,false,false
"parameters[1, 80]",0.4190502623959305,0.2982400907612356,2408.665799081297,1.0014228968990315,false,false
"parameters[2, 80]",1.0910660478401104,0.323084917175049,2497.4551559362435,1.0024023584982766,false,false
"parameters[3, 80]",-5.077493213499426,1.0329245514517509,3985.5538419148675,1.004150293162614,false,false
"parameters[1, 81]",1.156249170572079,0.6296533809486496,2926.8526626909184,1.000201812787117,false,false
"parameters[2, 81]",1.6132444208477825,0.5356543947906324,2927.8778724575823,1.0010204361639345,false,false
"parameters[3, 81]",-5.333159663685625,0.9574436165069337,4321.324964213262,1.000469055096708,false,false
"parameters[1, 82]",1.5869776381615956,0.6452979027438449,3792.669342621056,1.0007990160528235,false,false
"parameters[2, 82]",1.5740556108377861,0.46524675535997295,3947.6760982177448,1.0000146830366081,false,false
"parameters[3, 82]",-5.477652597015696,0.964538570014379,3083.4705576320166,1.0011129620783175,false,false
"parameters[1, 83]",1.0882463501484114,0.5679944989327426,3093.077460357628,1.0008721015885529,false,false
"parameters[2, 83]",1.462808882336824,0.4784472176619653,3143.026540278967,1.0012811151189558,false,false
"parameters[3, 83]",-5.093068939261284,0.9744523496400624,4112.913466426752,1.0004311396525252,false,false
"parameters[1, 84]",1.4480963410286884,0.23405697225209401,3507.424625498201,1.0002886981384167,false,false
"parameters[2, 84]",0.39501044438127164,0.09355333733926194,3154.237369062284,1.0011991635207276,false,false
"parameters[3, 84]",-6.6610351622053585,0.7587384760187291,3782.9411637537673,1.000662644621805,false,false
"parameters[1, 85]",1.4116650473079335,0.6479451527403326,3011.341881076522,1.001907364439947,false,false
"parameters[2, 85]",1.7271591673142634,0.5258495157712131,2969.3810410834417,1.0020281645798659,false,false
"parameters[3, 85]",-5.264672648703043,0.955408580634374,4640.118123000843,1.000933792846808,false,false
"parameters[1, 86]",0.7110067964874928,0.34922179850549756,2033.2385966011107,1.0010622049653886,false,false
"parameters[2, 86]",0.7735493602172235,0.2867848675874467,1957.516303343088,1.0022474996903932,false,false
"parameters[3, 86]",-5.867784033110851,0.9431809269324537,2849.4223023487957,1.0036838257736367,false,false
"parameters[1, 87]",1.8018271083817126,0.567501551476444,4238.516865016973,0.9995714288793015,false,false
"parameters[2, 87]",0.44780151873846263,0.10704192390026755,4323.613033706358,1.0011414089729984,false,false
"parameters[3, 87]",-5.068341946449537,0.9518079100394818,3760.482074886153,1.001578456517099,false,false
"parameters[1, 88]",0.8429090153858945,0.3334990728907892,3224.9212549954564,1.0008513733492874,false,false
"parameters[2, 88]",0.4743253060222103,0.1100758401497037,2912.682628125784,1.0013201223901398,false,false
"parameters[3, 88]",-4.917800518074913,0.952409528363815,3020.1908434337065,1.0005239018113052,false,false
"parameters[1, 89]",0.9914752260063167,0.5544909602658568,2765.6160018800488,1.000873632010867,false,false
"parameters[2, 89]",1.2215216722304236,0.44932703704138466,2901.0282916733277,1.0014124607383625,false,false
"parameters[3, 89]",-5.5403754053531085,0.9243432636825035,4360.710307282639,1.0004692839600435,false,false
"parameters[1, 90]",1.2200061962219337,0.40177120935347194,2601.4859912193215,1.0016622281490615,false,false
"parameters[2, 90]",0.7073087797907222,0.25349460023074716,2298.0122202353336,1.0010093394476909,false,false
"parameters[3, 90]",-6.290648089534626,0.8753792974429876,3315.063918535949,1.0011170391545092,false,false
"parameters[1, 91]",1.7019076054592588,0.6180766765792979,4637.0795885410125,0.999895168882861,false,false
"parameters[2, 91]",0.6096515583461513,0.11765829027015594,4563.370143092147,0.9997236886743196,false,false
"parameters[3, 91]",-5.1242557264051465,1.084240784228704,4573.473953626029,1.0013871685196156,false,false
"parameters[1, 92]",0.8276667507971943,0.365721913571608,2911.100497858359,1.0015046582129012,false,false
"parameters[2, 92]",0.6741910249151263,0.15892148845753779,2531.9032215601683,1.0004257025648644,false,false
"parameters[3, 92]",-4.96351983366477,0.9048931327336681,3547.062290895339,1.0003930586788097,false,false
"parameters[1, 93]",0.17896935485550933,0.4473736100743137,1305.3793501093382,1.0006606585724593,false,false
"parameters[2, 93]",2.273345948491199,0.6438028084765036,1182.9194651345508,1.0007624905925196,false,false
"parameters[3, 93]",-5.131624320259454,1.0187655638005566,4226.942276696118,1.0017055225726235,false,false
"parameters[1, 94]",0.6303910681056814,0.42204785274658085,1858.917198809925,1.0006298441862156,false,false
"parameters[2, 94]",0.979973236631482,0.2636526710715871,2028.9850728299555,1.0009356879198132,false,false
"parameters[3, 94]",-4.150343949422577,1.1017053812887763,3569.729331649294,1.0002061346337379,false,false
"parameters[1, 95]",1.123098675079188,0.6242023520576658,3349.922087359265,1.0001068548913772,false,false
"parameters[2, 95]",1.6530050701047831,0.5161177741950864,3091.8746695033115,1.0001918191669181,false,false
"parameters[3, 95]",-5.187195084201309,0.984548545687704,3934.3689098298355,1.0028534051107973,false,false
"parameters[1, 96]",1.3689168165164753,0.37084842124953155,3748.758752985627,1.0000353237224526,false,false
"parameters[2, 96]",0.6049858788434157,0.173914731339231,3180.6202509156046,1.000430939549259,false,false
"parameters[3, 96]",-6.040730156094937,1.0062325162799215,3943.367055396924,1.001488955647568,false,false
"parameters[1, 97]",0.8416265842064228,0.5010680666606557,3749.6888913429857,1.0010756586198841,false,false
"parameters[2, 97]",0.8038576303820935,0.16693374080020035,3786.4935733314264,0.9996509101017892,false,false
"parameters[3, 97]",-5.273866183687156,0.9609537242307867,3889.6467894978605,0.9999260797781133,false,false
"parameters[1, 98]",1.1083832484501714,0.3257357945320642,1859.329106160208,1.003938551901735,false,false
"parameters[2, 98]",0.4872278763260398,0.18818474878961014,1810.692499367811,1.0038891442714868,false,false
"parameters[3, 98]",-6.487064553075723,0.8471389841918191,2783.489015663532,1.0024862471778466,false,false
"parameters[1, 99]",0.30255520172615286,0.34439228142337197,1573.5200808855147,0.9999781555655741,false,false
"parameters[2, 99]",1.065406864989378,0.44231875695308176,1483.1472010443158,1.000510113792949,false,false
"parameters[3, 99]",-5.406358457862061,1.0350189661555076,3243.122520773118,1.0000195023920353,false,false
"parameters[1, 100]",0.9654712518876725,0.181049425724636,3339.399898652381,1.0003523418933864,false,false
"parameters[2, 100]",0.3262943346500346,0.06914027028699411,3499.5994986607693,1.0018774156608399,false,false
"parameters[3, 100]",-6.51355361378361,0.7318670242553064,3755.3193869126294,1.0006070098145226,false,false
