subject_nr,condition,xprob__initial_precision,prior_posterior_weight,action_noise,xprob__volatility
2,1,1.0400156585718807,0.8495664441844508,0.7290994422649844,-4.86194366501994
2,2,1.1518489916511343,0.2725779228083022,0.8580665094998801,-5.168775908492958
2,3,1.052900287555489,2.2070087591253262,0.7834904025869139,-4.852932969050228
2,4,1.0332490619811747,0.5484047237474272,1.1068196206165095,-5.254816475849799
2,5,1.1561005987781656,0.46036217106667554,0.9175086038683575,-5.315833513243822
2,6,0.8350491461670752,0.46223020759902267,0.6872280587648656,-5.072095308578483
3,1,1.1043423605312288,1.063843417306861,0.7427539324095078,-5.19504916719238
3,2,1.0194861000448179,0.9289408292310264,1.1244625131766894,-5.327792071824568
3,3,0.701005044265002,1.405683483871697,0.6247864975332806,-5.430362141485432
3,4,1.037614989837642,0.9254420939674797,1.163629226527862,-5.186791580999895
3,5,0.616362448666674,1.6072525934406023,0.6955003110504092,-4.824475364339098
3,6,0.9167613929407024,1.072444062655852,1.289932471061214,-4.618529886487174
4,1,1.098427468469001,0.6094055754782326,1.1122946729144207,-5.4070690186613835
4,2,0.6892229912141417,1.0590759926295794,0.3624165837693716,-5.681581705693549
4,3,1.4514561151104939,1.9851673655146584,0.354429636251125,-5.311228175873178
4,4,1.1850698490068545,1.4439995639147418,1.3542097235644148,-5.1472981021091915
4,5,1.2006791773032084,1.322538757815505,1.1150433685208445,-5.059663479476159
4,6,1.242957327748587,1.1795076672356632,0.7218450069896565,-5.063104414439873
5,1,1.1947663495958225,0.7393440880802749,0.6266444242492011,-4.917806874158556
5,2,0.8382735963107724,0.9457441593045708,0.45151587742361005,-5.5520185799766715
5,3,1.184690222980639,0.6431634046560912,1.1122561462249516,-5.366917428830763
5,4,1.1360057626262265,2.008306413097286,1.5422056304382992,-5.0278827451417785
5,5,0.8284511747515376,1.0727540707080028,1.6202385661870422,-5.12710204500078
5,6,0.8235863624018632,1.0622673722281613,1.3354904922344986,-4.813137510138803
6,1,0.8087689313330046,1.2700274383595307,0.5760513963339495,-4.434809003364199
6,2,1.4593199122245217,1.1660690260263245,0.4706536434018377,-4.670604316915318
6,3,0.9413956975346274,0.8923032622598152,0.5223677492831916,-5.094025725535365
6,4,0.930405451185454,0.38627988663536883,0.7261400084817582,-5.017114866277826
6,5,1.0369999846917888,0.8804840064480693,0.9066704042816917,-4.259687288605773
6,6,1.1215080479899369,0.3664623479389497,1.4194495252155828,-5.2306750168331035
7,1,0.8039807650407232,2.4849043834073963,0.49220123688406836,-4.826981444437664
7,2,0.9782382550380451,2.7097468060634595,0.5095054887082379,-4.9540533218126415
7,3,0.9068864657322628,2.0223642593398803,0.22974876630601,-5.001561410429645
7,4,1.4141066272889902,2.361139215531012,0.29694118675955516,-5.673158705780304
7,5,0.6410589547710305,1.1894835712429237,0.35208046958168404,-6.022497695175893
7,6,0.8902111853155448,0.6056395674734031,0.8166601273822108,-5.374160044298689
8,1,0.5911268469324749,1.4378371670989978,0.3074393916259408,-5.275698520538361
8,2,0.7439350748763897,1.1197407191534858,0.43175311576153147,-5.169367734860527
8,3,1.0622266371237838,0.6722828971375532,0.5306913045744543,-5.528419844620646
8,4,1.2167952229024952,2.918386773012118,0.3966362168384305,-4.360221098475249
8,5,0.6603211878408166,2.2884623127310064,0.8373723372396035,-5.520780285588094
8,6,1.0884371727552735,1.8931331374101479,1.8035626711186115,-5.213502439235194
9,1,0.614428940853635,2.2422232490749225,0.6407400057545265,-5.098030724784191
9,2,1.048734207985088,2.221459235284667,1.7090634518855667,-4.582380874209136
9,3,0.36041165672482184,2.234419931450243,1.234255183108115,-3.613597809270536
9,4,1.1373085520153388,1.2734111584845675,1.448670533466006,-5.2687696938344715
9,5,1.0346233316822495,1.161167294952761,1.4494107821095668,-5.3225315634206805
9,6,0.77405248954933,1.7306446661892427,0.7880154054618383,-4.743621412677247
10,1,1.0992643310601418,1.232677329774583,1.2749866212230592,-3.7886067114735362
10,2,1.1427147652177134,0.7852955122102048,1.4803675242792835,-5.2719796080627415
10,3,0.8356528290203015,1.3862018395358335,0.9405128994395987,-5.146553696105302
10,4,1.5268090207671885,1.0344256137381307,0.37415730496846933,-5.661200936930221
10,5,1.7915532124570885,1.1603660117234107,0.3754498440592958,-5.5735067405333965
10,6,1.0441097296828652,0.8227813146866816,0.46210661992043434,-5.653267840674669
11,1,0.9686976665874969,0.31525197057050214,0.7395610579631937,-5.3117425151888575
11,2,1.7377677155635212,0.6667257434752973,0.26658169093177697,-4.993262771418
11,3,0.9448945994088305,1.6640114572017461,0.615842629655873,-5.388733161246952
11,4,1.4555300313290438,0.62763982397148,0.7222321744675325,-5.320014366603315
11,5,1.3491837590867946,1.0958586018239937,0.8397682168916525,-4.90447391064986
11,6,0.6648954581123897,1.594722390555427,0.6681171132148657,-5.200749786928595
12,1,1.050129468617997,0.29237574681020084,1.1855043291014962,-5.0667913279356105
12,2,0.9810470329418473,0.3746049948565837,0.9400266148945451,-5.336695527396949
12,3,1.0462546724697646,0.4902194319299139,1.2064903092970334,-5.302049660770855
12,4,1.1213645387079128,0.44646742354371205,1.2574697567871764,-5.264450810501501
12,5,1.1620475140566062,1.488411478928371,0.693635253553339,-4.644804572634819
12,6,1.1537949186560508,0.6569086178801664,0.8524951617632229,-5.261763513841423
13,1,1.0760378182253845,0.27813472111468146,1.0579143026682962,-5.190399096942243
13,2,1.15008557511478,0.3657985583525374,0.999856053395926,-5.162519106732143
13,3,1.0499615868151908,0.3423218668434011,0.9460612413570278,-5.276982775434096
13,4,1.0475428542545981,2.0805068203782806,0.4917312330891054,-5.3238920900751125
13,5,1.1080806707226856,1.0421012935743525,1.3301569648327893,-5.2248544837686435
13,6,1.0060796371977743,0.5852710608302291,1.1458258871546416,-5.232812941747912
14,1,1.1298333158856009,1.356504331588637,0.4742660222212538,-5.11279241016775
14,2,0.9550555470988129,2.1006986512171473,0.42595134798141665,-4.766027100137194
14,3,2.058756554920156,2.013257872799165,0.28205341499808556,-4.483755030558292
14,4,0.8878276172923101,0.7373309602943036,0.8488147112967073,-5.109178725973274
14,5,0.890788519956029,0.9901951727739544,0.17816700997437712,-5.144721868853292
14,6,0.8864844284750424,0.9911293891008006,0.19175161355287262,-5.171546590845724
15,1,1.2893478540276364,0.9562686889223522,0.6085453857542326,-5.082776504720438
15,2,1.137752802120107,1.3396218125206194,0.4639172818178606,-4.931670284786442
15,3,1.1785877166651741,1.5464597070950505,0.5063096101309554,-4.5115223908164666
15,4,1.353625346823511,0.7556673699473182,0.30888525514777676,-5.241339572457688
15,5,1.2994670221047375,1.0547175179868176,0.3928825953244385,-4.465913815317219
15,6,1.4195578020568056,1.08253911817786,0.31546145008600235,-4.886244738129008
16,1,1.17204291753306,1.5421686346366992,0.7474348981217842,-2.580661789751419
16,2,0.981524297333118,1.82987907271851,1.4388271838748412,-4.397703653155089
16,3,0.9169351408739894,1.6814827296966248,1.5172178447479356,-5.106939596955462
16,4,0.8965642791059838,0.4855425552081515,0.669773973817602,-5.171779973221909
16,5,0.49517159890667073,1.887237640954425,0.9194342527586178,-5.156519676355125
16,6,1.1130261910810195,1.7848781813515244,1.0537473727901339,-4.515279290735589
101,1,0.7163043222978205,0.5321421486939135,0.6819896637760143,-5.495610249602793
101,2,1.1015682419700479,0.12899090296010834,0.706244143626672,-5.133849409377911
101,3,1.07281306864226,0.18126822492647612,0.8987180194936637,-5.19594946399933
101,4,1.0480918007370836,0.8574726664234598,0.6597256040094954,-5.302534403891001
101,5,0.9204920912812808,1.2418176444071936,0.9421036871677309,-5.316081797522807
101,6,1.194045355025275,1.50568999099221,0.8201179710798077,-5.329191838272916
102,1,0.7112328212696848,0.8957553206935862,0.6671310801332551,-3.1004589065851356
102,2,1.043765991436223,0.10504927801494612,1.1479112575990933,-5.2339541487799774
102,3,0.9069785342790312,0.36821239201375466,0.8764071908932036,-4.981879572630578
102,4,0.9714963119993019,0.3764281429312202,0.9096033438928857,-5.017327706512709
102,5,1.0426332061200037,1.094315280261723,0.6614329710542641,-5.104134863542633
102,6,0.8534613948835406,0.6611297786231578,1.0535434414992864,-5.211527200938079
103,1,0.8488099333964767,1.461678686359602,0.25783157275331303,-6.024742937966448
103,2,1.115310128340487,0.9108981496540596,0.9515492235308196,-5.30722377519546
103,3,0.7665262044097074,1.1184947376025702,0.5840706326635141,-5.817247198568406
103,4,1.015041065792063,0.8720736245631884,0.7107367833812077,-4.867862823431113
103,5,0.6909353317520226,1.232210881856889,0.38801811413038034,-5.444656457855925
103,6,0.8208438217901606,1.2669717621420171,1.1464107007210007,-5.431745755848288
104,1,0.8742298069178642,0.5602066596167772,0.9768326275141044,-5.36403895954657
104,2,0.9000877831565275,0.9081282823552701,0.7203396258109557,-5.585915040081194
104,3,1.043269008511439,0.891875041263945,0.8417378523799284,-5.491219912014482
104,4,0.9299373176927282,1.0085551637733654,0.9850754560843582,-5.447891474705536
104,5,0.7891326177950289,0.7657689190497219,0.7562341125206504,-5.489110710865548
104,6,0.840342722744311,1.2012281887450849,0.7387056539629161,-5.7403162578873435
105,1,1.0767351131863878,0.3345859916816526,1.0937303028001406,-5.288467470545685
105,2,1.0961980190719505,0.18326282225916324,0.638483910177023,-5.110690149817901
105,3,1.082160048115334,0.7972020343294492,0.7215250354237204,-5.2991030910758665
105,4,0.8635018024026875,1.2438329137532325,1.4666144519133815,-4.827795771034545
105,5,1.1307277233358128,0.6416198604938337,1.3849286397162426,-5.174984741332704
105,6,0.8543311106304096,1.991605046662406,1.2120288890507152,-5.3563473176071055
106,1,1.0705040521918074,0.9001293115907916,0.8742900342177207,-5.190878376664472
106,2,0.9656552028464447,1.4144078522003882,0.6690912610337114,-4.927541223186018
106,3,1.1020696473980611,1.6114322793365148,1.9095900331815814,-5.369285866735142
106,4,0.4563358521979361,2.443503583053382,0.6348855227494057,-5.500532083306103
106,5,0.42103366034409917,1.364022894408699,0.5420127379383836,-4.203079551355668
106,6,0.7112100584167691,0.9644342390060603,1.0438465542492972,-5.180346172131749
107,1,1.0039400470618083,1.8798450280248447,1.7284408131159334,-5.11817099049704
107,2,0.944770464370976,0.940102813932031,1.2250469572688734,-5.067747268662494
107,3,0.9382612138249689,1.5160116443671265,1.639702406330309,-5.006478018851999
107,4,0.9074236467978998,0.7414362468318338,0.7590482215462488,-5.417547757598253
107,5,0.9814031522607054,0.47753893314725854,1.0016412559520407,-5.1874298198063595
107,6,0.9876728220748555,0.08873805033186716,1.1352888880197158,-5.207012083030084
108,1,0.8971706070111114,1.3786905677139323,0.5943839608293622,-5.127020162662125
108,2,0.8685740004116032,1.439076575740959,0.47138133301011664,-5.1078700989355035
108,3,1.0424970976711596,1.3805835897245864,0.5904765587717697,-4.989459972848577
108,4,1.9408670485179744,1.9129555617361347,0.21516932603780395,-4.625347805541474
108,5,0.8854674881768969,1.7246378278558747,0.5555171445598327,-4.785869031946776
108,6,0.512544119921628,1.731630969821843,0.2179937886621956,-5.125654014946075
109,1,1.2368857808936011,1.362061785272996,0.26572985202732313,-6.265773415755422
109,2,1.0731810138196423,0.2514122415637074,1.0454455742183937,-5.211966163861151
109,3,0.9806378187052249,1.525831505233639,0.5956609296589354,-5.749676415904647
109,4,0.9729423793489631,1.1606519183468356,1.1679489964885568,-5.376999664142304
109,5,0.9875743606942318,0.19072865893934532,1.3925697599425657,-5.145439467148655
109,6,0.7120938232066855,1.1910337775458517,1.32542141835277,-4.917531236944919
110,1,0.6378285519290117,0.7370057518468677,0.8514112519423735,-4.689262020594732
110,2,1.5357518751110466,2.1717257010163418,0.504859497992475,-4.469044183787416
110,3,0.9557539378959404,0.5634356107275711,1.0805247287471136,-5.25767816123057
110,4,0.8118444558941809,1.9489862153494077,0.9752623581266999,-3.16451327333752
110,5,0.7247671188776861,2.075750241761713,1.0396990639426764,-5.223466084109093
110,6,1.3446876131108736,1.91757868905173,0.3367790190155254,-4.790301742148846
111,1,0.7816962687442319,1.3551341188046178,0.4081439882262846,-5.998643607268932
111,2,0.7268623767277225,1.9752758356862454,0.37856985768432283,-5.906600426848576
111,3,0.6860893201768989,1.7899825739726183,0.47759870956784967,-5.863143237990544
111,4,0.6741787169259428,1.5846991113882636,0.7221328864283514,-5.328195312398565
111,5,0.6296425714959584,1.7925593710023127,0.666080380867432,-5.276098791309495
111,6,0.902761316060568,1.4070865425047079,1.0872913414650673,-4.771737466534583
201,1,1.220010033264591,0.8797819636811463,0.7531699579053708,-5.1341297481487445
201,2,1.064066400546658,0.21724560503044305,0.7885505040756855,-5.2820721563199475
201,3,0.9340816818126475,1.0117270783163517,0.6310785320765877,-4.789835551582617
201,4,1.213834130477358,0.9159962053805857,0.6304819748958689,-4.842145051576205
201,5,0.7946289358666521,0.44833598718915424,0.8294079936225265,-4.832764651694108
201,6,1.0588273571826954,1.5982949024829298,0.7333707136756458,-5.208296333456207
202,1,0.6887236247574939,1.3029467110352921,0.4656160002177345,-5.728606555219927
202,2,1.1241810544012174,1.5025905936492356,0.7346389935309007,-5.232233562742805
202,3,1.031272091056525,0.5515040855154174,1.1208615204243162,-5.288115447613013
202,4,1.0525328773728815,0.05910389695821653,1.0630873816067488,-5.196175224667694
202,5,1.0229122936133384,0.19193497699252993,0.8854481826392291,-5.187697192014835
202,6,0.9391182156806722,0.20089971895239878,0.7875044111849833,-5.154248819011128
203,1,0.9802669594856905,0.7586788380568049,1.328270808707443,-5.046156825419098
203,2,0.6321116434180176,1.3913799946544314,0.6853643490444515,-5.603127718268601
203,3,0.6986425487647463,1.2073007151796344,0.42677959713871527,-5.937130270120071
203,4,1.1470033614062136,1.0906141005915666,1.3299153815079738,-5.2687311673652895
203,5,1.1261880632169317,1.5028521220041968,1.8698540752671755,-5.297564927062082
203,6,1.2166977951362838,1.3603926000896358,1.0798045280793955,-5.081428529720804
204,1,0.7163250541720451,0.6550362918710342,0.8583701673078259,-5.244009139428171
204,2,0.922259569365224,0.8375880498530706,0.5335708710382883,-5.424930057520907
204,3,1.0346240348681444,0.399610823051743,0.869000205189312,-5.280833985206657
204,4,0.9670725133199318,0.5773063328704553,1.065006310447894,-5.134977631259487
204,5,1.6407740500243484,1.5623953200958711,0.273790785348175,-4.132057839535966
204,6,1.0102906020796607,0.32151423544182134,1.2117921391225142,-5.093273202484844
205,1,1.0306597282088974,2.145355905166541,1.589443012734992,-3.5984799105641363
205,2,0.4953057596512175,2.0068112423631095,1.1541890698889317,-4.768553290810358
205,3,0.6561752341180596,1.6407821480199147,1.11034371556144,-5.032507058343679
205,4,0.39738426679741323,2.87474503665267,0.6078602866162204,-5.022124967252884
205,5,0.5961738068740028,2.5295184526977073,1.3908222916442035,-3.635187808309757
205,6,0.6614467025066859,1.9853397768131338,1.4949131864029526,-5.017230749910213
206,1,1.3528692665798978,3.374498197027831,0.6415128690593921,-4.057000995671911
206,2,0.41980998898921096,2.8339060533902276,0.47206897650402246,-5.330024114603027
206,3,0.9080887448808508,1.7367122263616013,1.737644851781834,-5.183971313757215
206,4,1.3055491451797125,2.052761731194674,0.6471675789956959,-3.5514656183837916
206,5,0.42537804877938984,2.1660566079724535,0.33077674237276194,-5.35408407446414
206,6,1.0827876036739994,2.0519809151685333,0.21070797600060037,-5.665523840771039
207,1,0.9861496287232008,0.23936933264067137,1.3964978862275839,-5.140441754637376
207,2,1.023767773433998,0.9146209501006566,1.1901136679611484,-4.990378142412805
207,3,1.0099798357784526,0.3307565660119335,1.514821846108172,-5.230961681465896
207,4,0.8188774180132609,0.8400906820177793,0.9381769668893786,-5.553756520973827
207,5,0.6988817541079217,1.761353520920836,0.4064604701391906,-6.138557357020634
207,6,1.1680291094971351,0.4959609593334524,1.473128980003895,-5.268355994322475
210,1,1.0318657432445837,1.255965441123152,1.4000682325524296,-5.227034430958409
210,2,0.7031449518434665,1.581177947040178,0.75944446397079,-4.250445111226439
210,3,0.9417533884995071,1.001477099117323,1.242408162535265,-5.030712949198617
210,4,1.1218085202049504,1.342569862854707,1.6373479738744008,-5.2701262828686435
210,5,0.7760307792050625,1.5039485676736914,1.5530644449909115,-5.021027779137327
210,6,1.2181736039534727,1.6302290620459923,0.8905868276089339,-4.787832557941313
211,1,1.5368908000572556,1.4483188630264476,0.5377708114271463,-4.916309180035935
211,2,1.4381577757474227,1.2895727647775606,0.5611928877184977,-4.888061204773072
211,3,0.839360221705812,1.633766181751884,0.8889225895984535,-4.401782992082797
211,4,0.7836602493056672,2.197346748370884,0.6258545207496515,-5.487594991431142
211,5,0.6180847651593923,1.9564125239179062,0.7728638316122655,-5.57161773642658
211,6,0.5847303588266984,2.1917688843647523,0.5899320875643119,-3.9223096173279335
212,1,0.5046364975980971,2.326069992840824,0.5376875047087593,-5.13568889183866
212,2,0.5587195758905352,1.8528151859602868,0.35304644728757395,-6.015787484207269
212,3,1.077970750309702,0.9104892428350947,1.0427178354517412,-5.400982565420875
212,4,0.8758709988067571,0.49597186011802774,0.7871533233608636,-5.432285304244271
212,5,0.9662191191309052,0.30711758598036687,1.1712720787436974,-5.123816471838772
212,6,1.0465723578018222,0.5264683419071595,1.4863423525762403,-5.270200440181571
213,1,0.7994047694836742,2.010830539006668,0.677438194742433,-5.449578794464149
213,2,0.762578387290084,1.4945716162744562,0.8564766645986417,-4.8834782696666625
213,3,0.9749346057765743,1.409713337583685,0.48854157202345916,-5.278627636251375
213,4,0.6596896582904413,2.779231236105911,0.5079037609766375,-5.207091518445567
213,5,0.5723497880712172,1.6979234217865093,0.34435710544626,-5.746239696161737
213,6,1.0045827328183994,2.1976074084202057,0.3504920107999503,-5.523202838619143
301,1,1.019768602160469,1.6621409751592777,1.158357738845158,-3.7295169935331853
301,2,0.49845016406171316,2.3810383497380823,0.5139564302974277,-5.556557179753605
301,3,0.9897894033965822,1.6610777929560703,1.3875819126749342,-5.034529036530749
301,4,0.9403252385340892,1.8416910993587337,0.9004477328757827,-3.0637275079247117
301,5,1.6979387989818047,1.3532954240427444,0.3379965350326798,-4.8251754357035095
301,6,1.0055936030633494,0.2971663373316057,0.8797768818845906,-5.2039202852791995
302,1,1.1923482074007583,1.4553347758819202,0.42334950824371365,-5.289919838193107
302,2,1.14454153580117,1.0638009209210773,0.7117977777706146,-5.146058019873711
302,3,0.9812852405078024,0.26545081673813686,0.822176410395751,-5.138474874541534
302,4,0.696545917877963,1.9304434885860198,0.6871042378849767,-5.0438631578519235
302,5,0.7621749189336336,1.8540264212826718,0.47678430718310594,-4.824715806550236
302,6,1.374883273042034,1.5701172191612103,0.26094787647002116,-5.0445048675049975
304,1,0.467209416543717,2.244270697467412,0.5437069330317529,-5.429230927518001
304,2,0.9427182680353925,2.1359405286021036,0.7553121623062029,-5.213714828909664
304,3,0.8858542064764601,1.8621797007236929,0.8843640628353848,-5.537172727723844
304,4,0.6557637491518787,2.125981594081683,0.39573398138268023,-5.451946603185869
304,5,0.5911897607507628,2.065441723585548,0.66362795374164,-5.375064348623093
304,6,1.111270121491147,0.9587526695298709,1.4117599635697542,-5.277586819240147
305,1,1.0600238023124218,0.16113834985859127,0.6629522778563073,-5.206841349687723
305,2,1.0480932204642102,0.3001845091894345,0.6495365989748705,-4.962036574955375
305,3,1.6601136305273227,1.2167218211326631,0.4986481059089894,-4.90264552139564
305,4,1.1701297134328497,0.6482086027019036,1.1359271249605325,-5.316525916202243
305,5,0.698714024461877,2.0459375475376094,0.6496537723478306,-4.016023296621132
305,6,0.535477920325646,1.9671698447637391,0.5862162881583911,-5.3008629733169235
306,1,1.124078537199432,1.6505088062969864,1.307160592586519,-5.179326046418201
306,2,0.8704453944906174,1.5738215181889434,1.145112624141027,-4.959286390110397
306,3,0.755900611187611,2.013908092950947,0.8523120146184132,-5.207907670461328
306,4,0.7002789339225317,1.5207265733177189,0.7566099738566128,-4.812524059556319
306,5,0.6159200629067965,1.4699264171825914,0.08763155445329524,-5.1280957130012865
306,6,1.293419182694847,1.4304036969081197,0.14661967586101457,-5.030688599449458
307,1,1.1816758016831983,2.0750268152806455,0.5733093580557287,-3.0505422904127784
307,2,0.4129641291292162,2.4058708177883177,0.17467181656445807,-5.1008070652681
307,3,0.660150857272215,1.4368257471971826,0.5665844027781481,-4.032059521792595
307,4,1.115225064082766,1.3954669307176557,0.7213364770937797,-4.302645544028211
307,5,1.964254400378214,1.82045978860782,0.25036545871913435,-3.448626593833403
307,6,1.2299683932487864,1.2649619869403121,0.47665268055634225,-4.552828832085478
308,1,0.6581950342986977,1.9660673698484512,0.3449133378055307,-4.971631085049283
308,2,0.6755942567820838,2.275721913831198,0.34317472480683775,-4.972891845317262
308,3,0.6031399325534322,1.9124470353902328,0.19782431119472466,-5.051001342633243
308,4,0.8971945661274413,0.7456101518225964,0.3346683088894281,-4.990836673852825
308,5,1.023951192437387,1.1906666178788545,0.44270691539972856,-4.911881476854948
308,6,1.1760335939075413,1.4172698843502967,0.5424970979617111,-5.135994092632393
309,1,0.5625329829810888,3.149676225844357,0.5046002185945464,-5.255076668745409
309,2,0.6761940771567636,2.830677809426774,0.3942375741244665,-5.158296066303427
309,3,0.5561202538546486,2.7688981274231694,0.42385047637837975,-5.224259199505095
309,4,1.180099106547299,2.0961244386222075,1.6282535287558928,-4.870973309627262
309,5,0.8054758727546318,2.0480553259308447,1.2991164589529034,-5.153397335541172
309,6,0.8115675095527755,1.757489926356586,1.3415934954098088,-4.35023171710945
310,1,0.9342715779685169,0.992549308495963,0.6744832302147343,-5.118755009025405
310,2,1.2650903872203076,0.6817318601989117,0.5435133762857312,-4.887582442880121
310,3,1.5000584283645275,1.0194956817997596,0.5896721773894268,-4.965169535324412
310,4,0.9411117617782956,2.0561767829444584,1.3537138931267987,-5.021756554405711
310,5,0.8798061920178187,1.3931405744891572,1.3249928596210598,-5.195221663049866
310,6,1.2130847882450468,0.6576194534030566,0.7505441806311395,-5.2878970381734645
311,1,1.098360935525357,0.5912831177559361,1.157315549573137,-5.33914112379507
311,2,1.0622252907564134,0.07339838408393809,0.7951556878350059,-5.189856854779505
311,3,1.1640296508517085,0.8123932277717694,0.6619296691719437,-5.4706996896760005
311,4,1.1071782534968162,1.0231994390734078,1.0988628315902824,-5.093060070948373
311,5,1.107085859461138,1.2253706074577662,1.0536129318412775,-5.071491934953853
311,6,0.8598324015971133,1.0955274921655944,1.112680106697145,-5.084623531644796
312,1,0.4788075094405149,1.357270716066387,0.3415639697144276,-5.906992630983078
312,2,1.1264196099499033,0.5648467926910336,0.9196588037219671,-5.3710506122735175
312,3,0.7997458190806417,0.8468085208909497,0.6136519235271272,-5.673454421010808
312,4,0.6201226173538689,0.8632770544521778,0.5457314446976038,-5.036494120564921
312,5,1.027661680632715,1.2321614257958682,0.5709531419512455,-5.051060745129947
312,6,1.1630334240111246,1.3725123534535255,0.510171705749847,-5.0438331186777745
314,1,0.840539343405849,1.6700152573428535,0.3384102615403007,-4.989422999068266
314,2,0.961721200952363,1.8412500273697123,0.5666015095707186,-5.145226729142498
314,3,0.4567771539005363,2.4311777532451835,0.5315242525339795,-5.244092407118194
314,4,0.8851579869083053,0.5203837098164448,0.6819675419033422,-4.837667740548184
314,5,1.17423391764794,0.5256140467280168,0.4575440488204312,-5.422811935682675
314,6,0.85221290798559,0.5287239395786512,0.3563688520063797,-5.56642404541323
316,1,0.9915878642734031,0.7467483205428699,0.5227930792200759,-4.758502943135229
316,2,0.8740681709603881,0.53631035745008,0.4119289859095512,-5.2706947412964205
316,3,1.3871416346068708,0.8958624453281806,0.4708169936882588,-4.361009471838991
316,4,1.072996270235424,0.3028937904331528,0.8428344681455935,-5.291283077921002
316,5,0.9734494686945607,1.1995914580754505,1.2671151663913807,-5.109161983417524
316,6,0.42325907710370847,1.7522576224627477,0.5552205584316963,-5.132237314045595
317,1,0.7500604368805243,1.8585967375474168,1.2124202073595076,-5.365301299596405
317,2,1.058706338051528,1.9933708250016555,1.7134581678263274,-5.185485461935027
317,3,0.9890783047421889,1.196485673416362,1.017572385310693,-4.738205165830778
317,4,1.154136629604713,0.8355178556970269,1.2613196438380303,-5.210312836323089
317,5,1.0420839924857543,1.5971161983684061,0.6126575609043168,-4.8241696476396
317,6,0.9399974131208693,1.4584651612373114,1.1001009434212918,-4.427268473706939
318,1,2.6877115694917775,2.543959012738151,0.14021770858976051,-5.4591207392709356
318,2,1.023852156500201,1.0436659792096619,0.480912893510663,-5.851387269065222
318,3,0.9814403286311809,1.0191681393511516,0.6228757637546407,-5.639356974621642
318,4,0.6240931477849202,2.2997791825635465,0.43545617154578387,-5.4774038852668525
318,5,0.6989378195825016,2.446666331687133,0.5730276148046942,-5.435328942669711
318,6,0.42814107879402674,2.3403230079054054,0.5063234742307066,-5.481261746132051
319,1,0.6082756199264381,1.4215662297156761,0.7034093272388835,-5.438939286191237
319,2,0.7639035160382385,1.5546967820484814,0.46714990074469975,-5.454592360643187
319,3,1.011606007096629,2.0064762288319287,0.531186608969665,-5.423923647653409
319,4,0.7981767444820751,2.258045124017918,0.9865425444396886,-5.3550999626731635
319,5,1.114445913092226,1.7563840159210489,1.6309198821648625,-4.297616415453107
319,6,0.6184769751880144,1.6676437238754702,0.6613476793348465,-5.206614710440862
320,1,1.2377841001952914,0.8626123461677249,0.4155552715287666,-5.061182897491133
320,2,0.9817723588870229,0.5140708093649311,0.8532559885009292,-5.242193514525254
320,3,1.1895880088416035,0.7525849953310186,0.35459888045246857,-5.139126714497039
320,4,1.0521759486034523,3.3229190607021297,0.3432611032839781,-4.2213889132520475
320,5,0.4253279358798773,2.337816169826569,0.4951466269382553,-5.17290663749475
320,6,0.36475799445544155,2.9193743064997975,0.2945038761844878,-5.014339533618607
322,1,0.7075471853883722,2.2973960167575447,0.39805265786062877,-5.299208579514321
322,2,0.9104616140302549,1.9982032032632766,0.4449449755387547,-5.561719985417723
322,3,0.49531242041240653,2.6718832415644957,0.5248038115099005,-5.0057194189663345
322,4,0.8246370154611811,1.6607107677763628,0.2511566538265766,-6.066770062412928
322,5,0.6336810009193921,2.091833254972741,0.5357309851200289,-5.499487058646655
322,6,1.0491271829613311,1.9614739289869882,0.3159862060683656,-5.382738847623925
323,1,0.8964359923020391,0.7534914322224466,0.9087398191668294,-5.167369496202193
323,2,0.9239344297911782,1.6190332168962955,1.2606897317974481,-5.1911559650369945
323,3,0.928888888827742,1.1792366695160057,1.2465231873315097,-4.552987578749033
323,4,1.0146371507275718,0.2837236646311849,0.9402058077390664,-5.097050005613095
323,5,0.3882556774679062,1.4810767508719105,0.528562053813635,-2.7142057941473885
323,6,0.3908980920123031,1.1747597313404534,0.5266743495405383,-4.353787459340096
324,1,1.0409541009314554,0.6361384550372284,0.586204191814295,-5.515824212663304
324,2,1.3098618204783086,0.6160213293088828,0.16369396821133136,-5.46563701576107
324,3,0.7990313191872179,0.5850784643204452,0.40336936109482424,-5.265251076313811
324,4,0.6196049975709176,2.488860184714504,0.42234943262202745,-4.987415144535057
324,5,0.43003478996951694,1.847677179772195,0.3414244524752895,-5.583075797907849
324,6,0.5259808491126232,1.8465323794279258,0.22450763808666818,-5.436019583481803
401,1,0.9600199951111632,0.8837612561871351,0.7583304791255349,-5.300127348440633
401,2,1.2181220262517969,1.4273542529885392,0.26207738125019486,-4.885129326003682
401,3,0.7344903395669089,3.0724513466438035,0.4086600461950151,-3.9747857274228817
401,4,0.7381599038765326,1.211273876633252,0.9075119517249872,-4.87145880165653
401,5,0.9631408585557182,1.258685057174732,0.4265870574931069,-5.627040502428712
401,6,0.7049667839045872,2.8343920517407373,0.8389970891022456,-2.393997823929461
402,1,0.8829038601389188,2.4793082216492874,0.45438404275787336,-5.340700922289301
402,2,1.2283761807864204,1.460095717481621,0.1294234594633594,-6.1001705607391585
402,3,0.7153250153471137,1.6824566148980615,0.18024780099450088,-6.280236205849507
402,4,0.9379999968849447,1.589340735812414,0.13167308313408438,-7.132623355923347
402,5,0.49453985482535234,1.3901999278767632,0.2606166477415626,-6.277644259948449
402,6,0.7511431910292199,1.2303240409346698,0.38422727278983315,-6.0309411210077695
403,1,1.0220149046304927,0.05541341774101177,1.3177627847002475,-5.237696602617321
403,2,0.6785460989249607,1.9240175909878507,0.3305001589459656,-6.20134806304997
403,3,1.0271143382809806,0.07222059171995268,1.1003237137292927,-5.2599093154652685
403,4,1.122159851161907,2.3684748788697956,0.8662201619162684,-3.8701414223559194
403,5,0.8439083928022223,2.091817603571351,1.3111114094231255,-4.163147127258595
403,6,0.8251351035824575,0.6687145200286255,0.8936524632636385,-5.057283637190834
405,1,1.2272015499638724,2.202372149952268,1.0085832756677044,-4.301247218520094
405,2,0.9979909864661876,1.6267390029014017,0.6439641116850705,-5.4592663330209135
405,3,0.7301929967867697,1.6040374422027024,0.5538992528982178,-5.25892137947854
405,4,0.46802378461000854,2.3283172852922682,0.32080195027657543,-5.283612418509652
405,5,1.6542163501593967,3.101545108939539,0.29864169920806516,-4.254770893395332
405,6,0.8180280620997034,2.9728843090077577,0.7373129009989197,-3.182662147343394
406,1,0.6956680598608521,1.7356189120842351,1.1452032484306436,-5.457443640513839
406,2,1.0290510206470156,1.544318079456743,1.2437584657823735,-5.363809385933653
406,3,0.7415596279737814,1.0909686438832475,0.3736868372509514,-5.966343826949689
406,4,0.5110636439038417,2.306797106955708,0.675702245329741,-5.438666242067084
406,5,1.0547399284147665,1.9133545840695998,0.48786433341877433,-5.473648298859125
406,6,1.0932665698189545,0.6750645892823737,1.1023121490449985,-5.3365352273855065
407,1,1.015012733750824,0.2527432744176422,0.569103052883694,-5.5334013482701
407,2,1.0143187313011515,0.06857170118753539,1.4299123707377008,-5.076028150899919
407,3,0.9680096896022097,0.26225850894038893,0.8689123224788993,-5.437753135660476
407,4,0.8742663869236851,0.2555846719630225,0.5587589040512017,-5.576292716251053
407,5,0.981854468617096,1.403714956735337,0.16544949297475386,-6.266953492860322
407,6,1.0188671096871236,0.11955127979401714,1.0188194197755007,-5.258895666147904
408,1,1.069181140356075,1.9740802800883208,0.26802225079607,-6.086531672211046
408,2,1.0593066481727027,0.05512566196679792,1.1165666012272588,-5.189334258905449
408,3,0.6780443255996098,1.062467622027512,0.5388497946729898,-5.6328583674506625
408,4,0.752279740670982,1.8892888628142157,0.3207259066253729,-5.826700771808139
408,5,1.3984317248125806,1.4198320546372418,0.34654783841636494,-5.73501036575607
408,6,0.7877992735455841,1.4181908716231888,0.5468395707610919,-5.69771202805997
409,1,0.2827951308613883,1.7446359564460279,0.48177105943098203,-4.719506795932075
409,2,0.9251446764687007,0.6718041193589872,1.0015657022855087,-5.335635150715893
409,3,0.7089033913986283,1.4191061799072955,1.6328472986994114,-5.254613169419391
409,4,0.421840201841284,1.4841929767166986,0.27578384012967466,-4.200494020284173
409,5,0.8639961807948098,1.7169482982026305,1.584374123170678,-5.296982205900617
409,6,0.9490794541459366,1.8307685106599674,0.3375876602487993,-5.396492099102408
411,1,0.624433274165798,2.9607943718923018,0.5361689872690525,-5.02655373326621
411,2,0.9978522770081447,1.826569100915817,1.871375194193536,-5.112137261874212
411,3,0.9423512616482008,2.7701199080745837,1.0245717344012764,-4.92068958364661
411,4,0.949063896896439,2.1351652264489402,1.4171639507366227,-5.1737230908816425
411,5,0.9653189585055093,0.9410292288496244,0.8771424581552628,-5.37305610119479
411,6,0.8849176000201509,0.43698177791413256,1.1326165245967572,-5.045845403860055
412,1,1.0024926151736517,1.0035250553917123,1.1941006159207084,-5.09807997111537
412,2,0.617020866958959,1.2887538330324073,0.24252975011817435,-6.454639641750788
412,3,0.8124680600306564,1.8015918482743976,0.30129396033979716,-6.1373714798261965
412,4,0.7431126863583699,0.9158082919370356,0.47781845290523195,-5.391454698514211
412,5,0.942284224257671,0.9644417398690752,0.5187642595923375,-5.311791683261188
412,6,1.090677656860739,0.18832593202917378,0.9054802958111114,-5.166001572087069
413,1,0.5435909313492141,0.5898011383078856,0.36553269632198315,-5.080104614530119
413,2,1.033785404438922,0.9282464577337056,0.33728090958546186,-4.784698782235187
413,3,0.7351493778431923,0.9068930996977033,0.2532650823424717,-5.176136767490504
413,4,1.2028785996797238,0.46383127162452364,1.0573902022567532,-5.0792499601243035
413,5,0.7842740013405078,0.19789456521598958,1.2158582320424163,-5.3194021087794425
413,6,0.9479027845565123,0.6914299920123917,0.5958088710850229,-4.990532467184365
414,1,0.5825485230285993,2.435504286469344,0.35254198338792353,-5.454809081285781
414,2,1.3655912208678513,0.6747912093168911,0.4805567059448065,-5.080795550417067
414,3,1.0164827900982552,0.7569420000350195,0.8243316615705547,-5.216591344562857
414,4,1.2629589480597603,1.812682024366314,0.3666963803611114,-5.461449133808289
414,5,0.6876176156548011,2.012110574047991,0.35679749123588167,-5.991046097562618
414,6,1.017889334930846,0.29310533414468387,0.8081204630454897,-5.166668962147572
415,1,0.8852585244024893,0.571762102895714,0.606410460226479,-5.6249578363100055
415,2,1.1226646857490115,0.5587673918761786,0.4793292933797156,-5.181905880976506
415,3,1.005623382013671,0.7595856096142344,0.49109918437618094,-5.452722859164329
415,4,1.1376292836165742,1.2164866352433412,0.26624170018085136,-5.511683824082319
415,5,1.0503154800676442,0.6221957648089489,0.3466653115049837,-5.494387944996606
415,6,0.8562651729939313,0.2582079684812185,0.49168182397111515,-5.600988816243279
416,1,1.013707397560445,0.5945647861609133,1.1424968081239353,-5.270422737950059
416,2,1.2560334231896333,2.1574325042952176,0.3272890476526634,-5.317029199461265
416,3,0.9380690432519672,0.41334261168842834,0.7187749881724503,-5.436799975490279
416,4,0.9902988993814863,0.0963807017462402,1.043210034596977,-5.328845028605234
416,5,0.8606810848867807,0.9888858646593353,0.3138888693877915,-6.127815451430792
416,6,0.38117701736539034,1.29940880801379,0.27992545076515274,-6.237750841230291
417,1,1.1620105624365378,0.41537559887596104,0.05193306735623347,-5.281301926503637
417,2,0.9422734751317927,0.21407399410464176,0.4554161640766057,-5.335144622040312
417,3,1.2916714311780784,0.7899409572362177,1.61177697615569,-5.370458708580449
417,4,0.5334879635590972,1.8689861568840997,0.3037603070061562,-6.279503631902536
417,5,1.3153643413445928,0.8902733356157269,0.22646918784376918,-5.118292778563747
417,6,1.0027751548471606,0.030610394373865955,1.009406717040202,-5.159616120336344
418,1,1.0445328231641735,1.8161869260329098,0.88658962766067,-4.949622789510817
418,2,0.7400632244954257,1.876357606953932,0.5186586386364122,-5.0024817535730515
418,3,0.7294084822182385,1.6609487720715637,0.34608748571931214,-5.3763441644053245
418,4,1.5464813552226855,3.0700264249119336,0.5324736161671731,-3.759287995598747
418,5,0.9488934816538666,2.023388384926576,1.249643611835937,-4.153934591763747
418,6,1.0557059827786635,0.6355911892175026,1.801889227529118,-5.2932938859578265
419,1,0.33993497120108007,2.998600216394783,0.2030232438940156,-5.0871307803561505
419,2,0.6173102186357176,2.2858416408495303,0.3293012586583359,-4.356361045460189
419,3,1.2945753110482239,3.1081175105101218,0.22970495049132705,-4.1701037120733595
419,4,1.0272562412937623,1.6378093528063884,0.2490935700707208,-5.556625206820065
419,5,1.1720006435327388,1.3890257449252355,0.2648915539875986,-5.744964808006259
419,6,0.7879449572094366,1.763355254727042,0.43058409486616694,-5.829421280159085
420,1,0.9255048416320699,1.526918630505597,1.012601288189345,-5.212687053300648
420,2,0.8279089193034557,1.5630094612256071,0.8462797568124091,-5.419606094023472
420,3,1.0772205437102609,0.6309957671237527,0.6025934050635879,-5.332745115614787
420,4,1.3986697338506233,0.34689171399466734,0.7422835833655348,-5.301051294539452
420,5,1.0619774722004518,0.04642215222532821,0.7634500761441662,-5.229337368223016
420,6,1.0762691456067681,0.5795715612285091,0.7643397892446493,-5.196430151104462
421,1,0.35005792039105554,1.727389171015209,0.32547503037912573,-5.264538093461588
421,2,1.0080814860739737,1.1761539634476001,0.6016527478337719,-5.373061608517975
421,3,0.835596259172475,0.6383937435740281,0.9528238615338519,-4.999352166908778
421,4,0.4964115364130678,2.187916846703245,0.2946089161824662,-5.6733341598246545
421,5,0.3913822927553833,1.9008135260558325,0.22528986250077787,-5.160669850986535
421,6,0.6863058470257202,1.6760983635156204,0.09327621025607924,-5.134902971738422
422,1,0.7717242923494855,1.8271157785190995,1.5697166172519963,-4.825844998025952
422,2,1.0671100420388209,0.6015284635148466,1.0297656290021868,-5.2551087756509265
422,3,1.0234900844948522,0.4651140204547375,0.9745918736928894,-5.11027268491517
422,4,0.9521702685062756,1.1537407919161646,1.1780483273541305,-5.203903846955765
422,5,0.7517375739092589,2.906655823977603,0.683671855056791,-5.024385059521235
422,6,1.0729012436654481,0.33671847954639456,0.9099784533890085,-5.333175877923757
423,1,0.9312158945166986,1.2536732268105564,0.6354933469028669,-4.979933528714214
423,2,0.919479345346789,1.3175478476391138,0.9562143648766579,-5.262047957843009
423,3,0.8835682751908399,1.6169371574012386,1.0836185407986831,-5.0977217816767535
423,4,0.5350286178919224,1.6803019990474732,0.40037869118777614,-4.675014033851739
423,5,0.594464141086829,0.8015220981654485,0.3656425437271684,-5.2265180098337884
423,6,1.0704713561834933,0.192097084927614,0.9594363860397643,-4.8885327242909185
424,1,1.0893088064581675,0.012375214668402237,2.108011436935077,-5.189845166182764
424,2,1.1016205882967622,0.27180864754778833,1.1157916642708423,-5.26709565200839
424,3,1.1988163098996913,0.4369828859378321,0.5691739117690475,-5.232234546671872
424,4,0.7619372167201034,1.7711204248241068,0.6262773713797023,-4.944181197198941
424,5,0.6120894971642613,1.8398339711611946,0.8224831544308578,-5.029146111850139
424,6,0.7102032900657169,0.719460904579041,0.6033565104088916,-5.012887571403681
425,1,1.1730440742433916,0.33821861423491584,1.1086369013517845,-5.255470372275633
425,2,0.9984464361320496,0.14135729838356287,1.1557390753902022,-5.241057897361562
425,3,1.0453588267923932,0.08043964863681885,0.8531188376642576,-5.249495737747509
425,4,1.1544830371606576,0.49107054441482945,1.6437328477455433,-5.300185511045883
425,5,1.21432654939653,0.5005153032540036,1.195139747233437,-5.242810695187888
425,6,1.130682353521613,1.1422049598827586,1.5501910077573675,-5.305226668886204
426,1,0.42745602341304845,2.949540737462533,0.19824688315785635,-5.081656508526044
426,2,0.7169987884652462,1.936938960163305,0.26121553178753515,-5.090567700977788
426,3,1.175699729553973,0.373522937950836,0.8737452604404172,-5.30765617184031
426,4,0.5206463701542355,2.0724981093643597,0.2605238094224299,-5.378401811082924
426,5,0.9689169442541431,1.7365730439000528,0.2519888331781241,-4.860416737693381
426,6,1.7259460283455046,2.748084439900082,0.15574010789601223,-4.513612004742521
427,1,1.0406760231498784,1.365512525543256,1.6662766800523825,-5.241407927749245
427,2,0.9350478006386365,1.5957203933067254,1.4589990428933333,-4.942225879067479
427,3,0.8133431117612593,1.5563967151015965,1.4233163671617604,-4.43451964856703
427,4,0.9543835994650498,1.540185839603982,1.5927338134717646,-4.076990278479569
427,5,1.2618898596123387,2.0796194105523558,1.0128628265368858,-3.297632759538697
427,6,1.0294160964442143,2.1048148715500177,1.5379695109956653,-3.0805061019446844
428,1,0.9293742292826083,1.610805499769433,0.49887956349958595,-5.687026950145603
428,2,1.7553531404111493,1.6377209638180505,0.04241318293198471,-6.672246281676845
428,3,0.9107378035112865,1.627149838555979,0.11046503394152046,-6.95987823164196
428,4,0.9545589127076282,2.1004325058546183,0.2550823948182088,-6.359085624586665
428,5,1.0599734465972341,1.4632505500737596,0.47583686088364163,-5.6490715795193305
428,6,1.0408417450068748,0.7300384925139658,0.6374107975473129,-5.368890436926895
429,1,0.6271376837447704,0.9946195605310759,0.3424172144352674,-5.087983003456321
429,2,0.9836128071031149,1.3607350078847416,0.6669401781054873,-5.186643675120684
429,3,0.6076308353310351,1.2738382749184278,0.46597944490270204,-5.225697054703617
429,4,0.7894409733335421,0.26682518140752365,0.6694877203702871,-5.357610054270381
429,5,1.0103701776605023,0.33511696580906547,0.7211498694315301,-5.00926089868628
429,6,0.7828378168454938,1.3914890392073667,0.25806307818786867,-6.149049461565093
430,1,0.47030448383910783,2.614610593891318,0.41379373295281485,-1.352851762916388
430,2,0.3079689717877229,1.6472692418988815,0.3803872006578774,-4.223162271511219
430,3,0.6405564817735443,1.6123612794871198,0.3900103323292857,-5.194002729528078
430,4,0.7045871311127807,2.2009401731082097,0.34336639211512665,-5.215712983260097
430,5,0.6764284097744162,1.6168449715049613,0.23952610560145493,-5.880899218372113
430,6,0.7392956769147758,1.9106486084239032,0.22525489121936942,-4.692877269285679
